Date_SK,ï»¿ORDER_DATE,Year,Quater,Month,Day
-1,1999-01-01,1999,1,1,1
1,2004-12-04,2004,4,12,4
2,2004-12-27,2004,4,12,27
3,2004-12-28,2004,4,12,28
4,2004-12-25,2004,4,12,25
5,2004-12-21,2004,4,12,21
6,2004-12-19,2004,4,12,19
7,2004-12-20,2004,4,12,20
8,2004-12-05,2004,4,12,5
9,2004-12-22,2004,4,12,22
10,2004-12-18,2004,4,12,18
11,2004-12-02,2004,4,12,2
12,2004-12-08,2004,4,12,8
13,2004-12-10,2004,4,12,10
14,2004-12-16,2004,4,12,16
15,2004-12-17,2004,4,12,17
16,2004-12-30,2004,4,12,30
17,2004-12-09,2004,4,12,9
18,2004-12-06,2004,4,12,6
19,2004-12-11,2004,4,12,11
20,2005-01-02,2005,1,1,2
21,2004-12-07,2004,4,12,7
22,2004-12-23,2004,4,12,23
23,2004-12-26,2004,4,12,26
24,2004-12-15,2004,4,12,15
25,2004-12-12,2004,4,12,12
26,2004-12-31,2004,4,12,31
27,2005-01-01,2005,1,1,1
28,2004-12-24,2004,4,12,24
29,2004-12-14,2004,4,12,14
30,2004-12-29,2004,4,12,29
31,2004-12-13,2004,4,12,13
32,2005-01-04,2005,1,1,4
33,2005-01-05,2005,1,1,5
34,2005-01-06,2005,1,1,6
35,2005-01-08,2005,1,1,8
36,2005-01-07,2005,1,1,7
37,2005-01-03,2005,1,1,3
38,2005-01-09,2005,1,1,9
39,2005-01-10,2005,1,1,10
40,2005-01-11,2005,1,1,11
41,2005-01-12,2005,1,1,12
42,2005-01-13,2005,1,1,13
43,2005-01-14,2005,1,1,14
44,2005-01-16,2005,1,1,16
45,2005-01-15,2005,1,1,15
46,2005-01-18,2005,1,1,18
47,2005-01-17,2005,1,1,17
48,2005-01-19,2005,1,1,19
49,2005-01-22,2005,1,1,22
50,2005-01-21,2005,1,1,21
51,2005-01-20,2005,1,1,20
52,2005-01-23,2005,1,1,23
53,2005-01-25,2005,1,1,25
54,2005-01-24,2005,1,1,24
55,2005-01-27,2005,1,1,27
56,2005-01-29,2005,1,1,29
57,2005-01-26,2005,1,1,26
58,2005-01-30,2005,1,1,30
59,2005-01-31,2005,1,1,31
60,2005-02-01,2005,1,2,1
61,2005-01-28,2005,1,1,28
62,2005-02-02,2005,1,2,2
63,2005-02-03,2005,1,2,3
64,2005-02-05,2005,1,2,5
65,2005-02-04,2005,1,2,4
66,2005-02-06,2005,1,2,6
67,2005-02-08,2005,1,2,8
68,2005-02-10,2005,1,2,10
69,2005-02-07,2005,1,2,7
70,2005-02-11,2005,1,2,11
71,2005-02-09,2005,1,2,9
72,2005-02-13,2005,1,2,13
73,2005-02-12,2005,1,2,12
74,2005-02-14,2005,1,2,14
75,2005-02-15,2005,1,2,15
76,2005-02-17,2005,1,2,17
77,2005-02-16,2005,1,2,16
78,2005-02-18,2005,1,2,18
79,2005-02-19,2005,1,2,19
80,2005-02-20,2005,1,2,20
81,2005-02-22,2005,1,2,22
82,2005-02-21,2005,1,2,21
83,2005-02-23,2005,1,2,23
84,2005-02-24,2005,1,2,24
85,2005-02-25,2005,1,2,25
86,2005-02-27,2005,1,2,27
87,2005-02-26,2005,1,2,26
88,2005-03-01,2005,1,3,1
89,2005-02-28,2005,1,2,28
90,2005-03-02,2005,1,3,2
91,2005-03-04,2005,1,3,4
92,2005-03-03,2005,1,3,3
93,2005-03-06,2005,1,3,6
94,2005-03-05,2005,1,3,5
95,2005-03-08,2005,1,3,8
96,2005-03-07,2005,1,3,7
97,2005-03-10,2005,1,3,10
98,2005-03-11,2005,1,3,11
99,2005-03-09,2005,1,3,9
100,2005-03-12,2005,1,3,12
101,2005-03-13,2005,1,3,13
102,2005-03-16,2005,1,3,16
103,2005-03-15,2005,1,3,15
104,2005-03-17,2005,1,3,17
105,2005-03-14,2005,1,3,14
106,2005-03-18,2005,1,3,18
107,2005-03-19,2005,1,3,19
108,2005-03-20,2005,1,3,20
109,2005-03-21,2005,1,3,21
110,2005-03-22,2005,1,3,22
111,2005-03-24,2005,1,3,24
112,2005-03-25,2005,1,3,25
113,2005-03-23,2005,1,3,23
114,2005-03-26,2005,1,3,26
115,2005-03-27,2005,1,3,27
116,2005-03-28,2005,1,3,28
117,2005-03-29,2005,1,3,29
118,2005-03-30,2005,1,3,30
119,2005-04-01,2005,2,4,1
120,2005-03-31,2005,1,3,31
121,2005-04-02,2005,2,4,2
122,2005-04-03,2005,2,4,3
123,2005-04-04,2005,2,4,4
124,2005-04-05,2005,2,4,5
125,2005-04-06,2005,2,4,6
126,2005-04-08,2005,2,4,8
127,2005-04-07,2005,2,4,7
128,2005-04-09,2005,2,4,9
129,2005-04-10,2005,2,4,10
130,2005-04-11,2005,2,4,11
131,2005-04-12,2005,2,4,12
132,2005-04-15,2005,2,4,15
133,2005-04-13,2005,2,4,13
134,2005-04-14,2005,2,4,14
135,2005-04-17,2005,2,4,17
136,2005-04-16,2005,2,4,16
137,2005-04-18,2005,2,4,18
138,2005-04-19,2005,2,4,19
139,2005-04-20,2005,2,4,20
140,2005-04-21,2005,2,4,21
141,2005-04-22,2005,2,4,22
142,2005-04-23,2005,2,4,23
143,2005-04-25,2005,2,4,25
144,2005-04-26,2005,2,4,26
145,2005-04-27,2005,2,4,27
146,2005-04-28,2005,2,4,28
147,2005-04-24,2005,2,4,24
148,2005-04-29,2005,2,4,29
149,2005-04-30,2005,2,4,30
150,2005-05-02,2005,2,5,2
151,2005-05-03,2005,2,5,3
152,2005-05-01,2005,2,5,1
153,2005-05-04,2005,2,5,4
154,2005-05-05,2005,2,5,5
155,2005-05-06,2005,2,5,6
156,2005-05-07,2005,2,5,7
157,2005-05-08,2005,2,5,8
158,2005-05-09,2005,2,5,9
159,2005-05-10,2005,2,5,10
160,2005-05-11,2005,2,5,11
161,2005-05-12,2005,2,5,12
162,2005-05-13,2005,2,5,13
163,2005-05-14,2005,2,5,14
164,2005-05-15,2005,2,5,15
165,2005-05-17,2005,2,5,17
166,2005-05-16,2005,2,5,16
167,2005-05-18,2005,2,5,18
168,2005-05-19,2005,2,5,19
169,2005-05-21,2005,2,5,21
170,2005-05-22,2005,2,5,22
171,2005-05-20,2005,2,5,20
172,2005-05-23,2005,2,5,23
173,2005-05-24,2005,2,5,24
174,2005-05-25,2005,2,5,25
175,2005-05-26,2005,2,5,26
176,2005-05-27,2005,2,5,27
177,2005-05-28,2005,2,5,28
178,2005-05-29,2005,2,5,29
179,2005-05-31,2005,2,5,31
180,2005-05-30,2005,2,5,30
181,2005-06-01,2005,2,6,1
182,2005-06-02,2005,2,6,2
183,2005-06-03,2005,2,6,3
184,2005-06-04,2005,2,6,4
185,2005-06-05,2005,2,6,5
186,2005-06-06,2005,2,6,6
187,2005-06-07,2005,2,6,7
188,2005-06-08,2005,2,6,8
189,2005-06-09,2005,2,6,9
190,2005-06-11,2005,2,6,11
191,2005-06-10,2005,2,6,10
192,2005-06-12,2005,2,6,12
193,2005-06-13,2005,2,6,13
194,2005-06-14,2005,2,6,14
195,2005-06-15,2005,2,6,15
196,2005-06-16,2005,2,6,16
197,2005-06-18,2005,2,6,18
198,2005-06-19,2005,2,6,19
199,2005-06-20,2005,2,6,20
200,2005-06-21,2005,2,6,21
201,2005-06-23,2005,2,6,23
202,2005-06-22,2005,2,6,22
203,2005-06-17,2005,2,6,17
204,2005-06-24,2005,2,6,24
205,2005-06-25,2005,2,6,25
206,2005-06-26,2005,2,6,26
207,2005-06-27,2005,2,6,27
208,2005-06-28,2005,2,6,28
209,2005-06-29,2005,2,6,29
210,2005-06-30,2005,2,6,30
211,2005-07-01,2005,3,7,1
212,2005-07-02,2005,3,7,2
213,2005-07-03,2005,3,7,3
214,2005-07-05,2005,3,7,5
215,2005-07-04,2005,3,7,4
216,2005-07-06,2005,3,7,6
217,2005-07-07,2005,3,7,7
218,2005-07-08,2005,3,7,8
219,2005-07-09,2005,3,7,9
220,2005-07-10,2005,3,7,10
221,2005-07-12,2005,3,7,12
222,2005-07-11,2005,3,7,11
223,2005-07-13,2005,3,7,13
224,2005-07-15,2005,3,7,15
225,2005-07-17,2005,3,7,17
226,2005-07-18,2005,3,7,18
227,2005-07-16,2005,3,7,16
228,2005-07-19,2005,3,7,19
229,2005-07-20,2005,3,7,20
230,2005-07-21,2005,3,7,21
231,2005-07-14,2005,3,7,14
232,2005-07-22,2005,3,7,22
233,2005-07-24,2005,3,7,24
234,2005-07-23,2005,3,7,23
235,2005-07-25,2005,3,7,25
236,2005-07-26,2005,3,7,26
237,2005-07-27,2005,3,7,27
238,2005-07-29,2005,3,7,29
239,2005-07-28,2005,3,7,28
240,2005-07-31,2005,3,7,31
241,2005-08-01,2005,3,8,1
242,2005-07-30,2005,3,7,30
243,2005-08-03,2005,3,8,3
244,2005-08-02,2005,3,8,2
245,2005-08-05,2005,3,8,5
246,2005-08-04,2005,3,8,4
247,2005-08-07,2005,3,8,7
248,2005-08-08,2005,3,8,8
249,2005-08-09,2005,3,8,9
250,2005-08-10,2005,3,8,10
251,2005-08-11,2005,3,8,11
252,2005-08-13,2005,3,8,13
253,2005-08-12,2005,3,8,12
254,2005-08-06,2005,3,8,6
255,2005-08-14,2005,3,8,14
256,2005-08-16,2005,3,8,16
257,2005-08-18,2005,3,8,18
258,2005-08-17,2005,3,8,17
259,2005-08-15,2005,3,8,15
260,2005-08-19,2005,3,8,19
261,2005-08-20,2005,3,8,20
262,2005-08-21,2005,3,8,21
263,2005-08-22,2005,3,8,22
264,2005-08-23,2005,3,8,23
265,2005-08-25,2005,3,8,25
266,2005-08-24,2005,3,8,24
267,2005-08-26,2005,3,8,26
268,2005-08-27,2005,3,8,27
269,2005-08-28,2005,3,8,28
270,2005-08-30,2005,3,8,30
271,2005-08-29,2005,3,8,29
272,2005-08-31,2005,3,8,31
273,2005-09-02,2005,3,9,2
274,2005-09-03,2005,3,9,3
275,2005-09-01,2005,3,9,1
276,2005-09-05,2005,3,9,5
277,2005-09-04,2005,3,9,4
278,2005-09-07,2005,3,9,7
279,2005-09-06,2005,3,9,6
280,2005-09-08,2005,3,9,8
281,2005-09-09,2005,3,9,9
282,2005-09-10,2005,3,9,10
283,2005-09-11,2005,3,9,11
284,2005-09-12,2005,3,9,12
285,2005-09-13,2005,3,9,13
286,2005-09-15,2005,3,9,15
287,2005-09-16,2005,3,9,16
288,2005-09-14,2005,3,9,14
289,2005-09-18,2005,3,9,18
290,2005-09-17,2005,3,9,17
291,2005-09-20,2005,3,9,20
292,2005-09-22,2005,3,9,22
293,2005-09-21,2005,3,9,21
294,2005-09-19,2005,3,9,19
295,2005-09-23,2005,3,9,23
296,2005-09-24,2005,3,9,24
297,2005-09-25,2005,3,9,25
298,2005-09-26,2005,3,9,26
299,2005-09-27,2005,3,9,27
300,2005-09-28,2005,3,9,28
301,2005-09-29,2005,3,9,29
302,2005-09-30,2005,3,9,30
303,2005-10-01,2005,4,10,1
304,2005-10-03,2005,4,10,3
305,2005-10-02,2005,4,10,2
306,2005-10-05,2005,4,10,5
307,2005-10-06,2005,4,10,6
308,2005-10-08,2005,4,10,8
309,2005-10-09,2005,4,10,9
310,2005-10-07,2005,4,10,7
311,2005-10-04,2005,4,10,4
312,2005-10-10,2005,4,10,10
313,2005-10-11,2005,4,10,11
314,2005-10-12,2005,4,10,12
315,2005-10-13,2005,4,10,13
316,2005-10-14,2005,4,10,14
317,2005-10-15,2005,4,10,15
318,2005-10-16,2005,4,10,16
319,2005-10-17,2005,4,10,17
320,2005-10-18,2005,4,10,18
321,2005-10-19,2005,4,10,19
322,2005-10-20,2005,4,10,20
323,2005-10-22,2005,4,10,22
324,2005-10-23,2005,4,10,23
325,2005-10-21,2005,4,10,21
326,2005-10-24,2005,4,10,24
327,2005-10-25,2005,4,10,25
328,2005-10-27,2005,4,10,27
329,2005-10-28,2005,4,10,28
330,2005-10-30,2005,4,10,30
331,2005-11-01,2005,4,11,1
332,2005-10-26,2005,4,10,26
333,2005-11-02,2005,4,11,2
334,2005-10-29,2005,4,10,29
335,2005-10-31,2005,4,10,31
336,2005-11-03,2005,4,11,3
337,2005-11-04,2005,4,11,4
338,2005-11-06,2005,4,11,6
339,2005-11-05,2005,4,11,5
340,2005-11-07,2005,4,11,7
341,2005-11-08,2005,4,11,8
342,2005-11-10,2005,4,11,10
343,2005-11-11,2005,4,11,11
344,2005-11-12,2005,4,11,12
345,2005-11-09,2005,4,11,9
346,2005-11-14,2005,4,11,14
347,2005-11-15,2005,4,11,15
348,2005-11-13,2005,4,11,13
349,2005-11-16,2005,4,11,16
350,2005-11-18,2005,4,11,18
351,2005-11-19,2005,4,11,19
352,2005-11-17,2005,4,11,17
353,2005-11-20,2005,4,11,20
354,2005-11-21,2005,4,11,21
355,2005-11-22,2005,4,11,22
356,2005-11-23,2005,4,11,23
357,2005-11-24,2005,4,11,24
358,2005-11-25,2005,4,11,25
359,2005-11-27,2005,4,11,27
360,2005-11-26,2005,4,11,26
361,2005-11-29,2005,4,11,29
362,2005-11-28,2005,4,11,28
363,2005-11-30,2005,4,11,30
364,2005-12-01,2005,4,12,1
365,2005-12-02,2005,4,12,2
366,2005-12-03,2005,4,12,3
367,2005-12-05,2005,4,12,5
368,2005-12-07,2005,4,12,7
369,2005-12-06,2005,4,12,6
370,2005-12-04,2005,4,12,4
371,2005-12-09,2005,4,12,9
372,2005-12-10,2005,4,12,10
373,2005-12-08,2005,4,12,8
374,2005-12-11,2005,4,12,11
375,2005-12-12,2005,4,12,12
376,2005-12-13,2005,4,12,13
377,2005-12-14,2005,4,12,14
378,2005-12-16,2005,4,12,16
379,2005-12-15,2005,4,12,15
380,2005-12-17,2005,4,12,17
381,2005-12-18,2005,4,12,18
382,2005-12-19,2005,4,12,19
383,2005-12-20,2005,4,12,20
384,2005-12-21,2005,4,12,21
385,2005-12-23,2005,4,12,23
386,2005-12-22,2005,4,12,22
387,2005-12-24,2005,4,12,24
388,2005-12-26,2005,4,12,26
389,2005-12-25,2005,4,12,25
390,2005-12-28,2005,4,12,28
391,2005-12-27,2005,4,12,27
392,2005-12-29,2005,4,12,29
393,2005-12-30,2005,4,12,30
394,2006-01-01,2006,1,1,1
395,2006-01-02,2006,1,1,2
396,2006-01-03,2006,1,1,3
397,2005-12-31,2005,4,12,31
398,2006-01-05,2006,1,1,5
399,2006-01-06,2006,1,1,6
400,2006-01-04,2006,1,1,4
401,2006-01-08,2006,1,1,8
402,2006-01-07,2006,1,1,7
403,2006-01-09,2006,1,1,9
404,2006-01-11,2006,1,1,11
405,2006-01-12,2006,1,1,12
406,2006-01-10,2006,1,1,10
407,2006-01-13,2006,1,1,13
408,2006-01-14,2006,1,1,14
409,2006-01-16,2006,1,1,16
410,2006-01-15,2006,1,1,15
411,2006-01-17,2006,1,1,17
412,2006-01-18,2006,1,1,18
413,2006-01-19,2006,1,1,19
414,2006-01-20,2006,1,1,20
415,2006-01-21,2006,1,1,21
416,2006-01-22,2006,1,1,22
417,2006-01-24,2006,1,1,24
418,2006-01-23,2006,1,1,23
419,2006-01-25,2006,1,1,25
420,2006-01-26,2006,1,1,26
421,2006-01-27,2006,1,1,27
422,2006-01-29,2006,1,1,29
423,2006-01-30,2006,1,1,30
424,2006-01-28,2006,1,1,28
425,2006-02-01,2006,1,2,1
426,2006-01-31,2006,1,1,31
427,2006-02-02,2006,1,2,2
428,2006-02-04,2006,1,2,4
429,2006-02-03,2006,1,2,3
430,2006-02-05,2006,1,2,5
431,2006-02-06,2006,1,2,6
432,2006-02-08,2006,1,2,8
433,2006-02-07,2006,1,2,7
434,2006-02-10,2006,1,2,10
435,2006-02-11,2006,1,2,11
436,2006-02-09,2006,1,2,9
437,2006-02-12,2006,1,2,12
438,2006-02-14,2006,1,2,14
439,2006-02-15,2006,1,2,15
440,2006-02-16,2006,1,2,16
441,2006-02-13,2006,1,2,13
442,2006-02-17,2006,1,2,17
443,2006-02-18,2006,1,2,18
444,2006-02-19,2006,1,2,19
445,2006-02-21,2006,1,2,21
446,2006-02-22,2006,1,2,22
447,2006-02-20,2006,1,2,20
448,2006-02-23,2006,1,2,23
449,2006-02-24,2006,1,2,24
450,2006-02-26,2006,1,2,26
451,2006-02-25,2006,1,2,25
452,2006-02-27,2006,1,2,27
453,2006-02-28,2006,1,2,28
454,2006-03-01,2006,1,3,1
455,2006-03-02,2006,1,3,2
456,2006-03-03,2006,1,3,3
457,2006-03-05,2006,1,3,5
458,2006-03-04,2006,1,3,4
459,2006-03-07,2006,1,3,7
460,2006-03-06,2006,1,3,6
461,2006-03-08,2006,1,3,8
462,2006-03-10,2006,1,3,10
463,2006-03-11,2006,1,3,11
464,2006-03-09,2006,1,3,9
465,2006-03-12,2006,1,3,12
466,2006-03-13,2006,1,3,13
467,2006-03-14,2006,1,3,14
468,2006-03-15,2006,1,3,15
469,2006-03-16,2006,1,3,16
470,2006-03-17,2006,1,3,17
471,2006-03-19,2006,1,3,19
472,2006-03-18,2006,1,3,18
473,2006-03-20,2006,1,3,20
474,2006-03-21,2006,1,3,21
475,2006-03-22,2006,1,3,22
476,2006-03-23,2006,1,3,23
477,2006-03-25,2006,1,3,25
478,2006-03-24,2006,1,3,24
479,2006-03-26,2006,1,3,26
480,2006-03-27,2006,1,3,27
481,2006-03-28,2006,1,3,28
482,2006-03-29,2006,1,3,29
483,2006-03-30,2006,1,3,30
484,2006-03-31,2006,1,3,31
485,2006-04-02,2006,2,4,2
486,2006-04-03,2006,2,4,3
487,2006-04-01,2006,2,4,1
488,2006-04-04,2006,2,4,4
489,2006-04-05,2006,2,4,5
490,2006-04-06,2006,2,4,6
491,2006-04-08,2006,2,4,8
492,2006-04-07,2006,2,4,7
493,2006-04-09,2006,2,4,9
494,2006-04-10,2006,2,4,10
495,2006-04-11,2006,2,4,11
496,2006-04-12,2006,2,4,12
497,2006-04-13,2006,2,4,13
498,2006-04-14,2006,2,4,14
499,2006-04-15,2006,2,4,15
500,2006-04-17,2006,2,4,17
501,2006-04-16,2006,2,4,16
502,2006-04-19,2006,2,4,19
503,2006-04-20,2006,2,4,20
504,2006-04-21,2006,2,4,21
505,2006-04-18,2006,2,4,18
506,2006-04-22,2006,2,4,22
507,2006-04-23,2006,2,4,23
508,2006-04-24,2006,2,4,24
509,2006-04-25,2006,2,4,25
510,2006-04-26,2006,2,4,26
511,2006-04-29,2006,2,4,29
512,2006-04-27,2006,2,4,27
513,2006-04-30,2006,2,4,30
514,2006-04-28,2006,2,4,28
515,2006-05-02,2006,2,5,2
516,2006-05-01,2006,2,5,1
517,2006-05-04,2006,2,5,4
518,2006-05-03,2006,2,5,3
519,2006-05-05,2006,2,5,5
520,2006-05-06,2006,2,5,6
521,2006-05-07,2006,2,5,7
522,2006-05-08,2006,2,5,8
523,2006-05-09,2006,2,5,9
524,2006-05-10,2006,2,5,10
525,2006-05-11,2006,2,5,11
526,2006-05-12,2006,2,5,12
527,2006-05-14,2006,2,5,14
528,2006-05-13,2006,2,5,13
529,2006-05-15,2006,2,5,15
530,2006-05-16,2006,2,5,16
531,2006-05-19,2006,2,5,19
532,2006-05-17,2006,2,5,17
533,2006-05-18,2006,2,5,18
534,2006-05-20,2006,2,5,20
535,2006-05-21,2006,2,5,21
536,2006-05-23,2006,2,5,23
537,2006-05-25,2006,2,5,25
538,2006-05-24,2006,2,5,24
539,2006-05-22,2006,2,5,22
540,2006-05-26,2006,2,5,26
541,2006-05-28,2006,2,5,28
542,2006-05-27,2006,2,5,27
543,2006-05-29,2006,2,5,29
544,2006-05-30,2006,2,5,30
545,2006-06-01,2006,2,6,1
546,2006-05-31,2006,2,5,31
547,2006-06-02,2006,2,6,2
548,2006-06-03,2006,2,6,3
549,2006-06-04,2006,2,6,4
550,2006-06-05,2006,2,6,5
551,2006-06-06,2006,2,6,6
552,2006-06-07,2006,2,6,7
553,2006-06-08,2006,2,6,8
554,2006-06-09,2006,2,6,9
555,2006-06-11,2006,2,6,11
556,2006-06-14,2006,2,6,14
557,2006-06-13,2006,2,6,13
558,2006-06-16,2006,2,6,16
559,2006-06-12,2006,2,6,12
560,2006-06-17,2006,2,6,17
561,2006-06-18,2006,2,6,18
562,2006-06-10,2006,2,6,10
563,2006-06-15,2006,2,6,15
564,2006-06-19,2006,2,6,19
565,2006-06-20,2006,2,6,20
566,2006-06-21,2006,2,6,21
567,2006-06-22,2006,2,6,22
568,2006-06-23,2006,2,6,23
569,2006-06-25,2006,2,6,25
570,2006-06-24,2006,2,6,24
571,2006-06-27,2006,2,6,27
572,2006-06-28,2006,2,6,28
573,2006-06-26,2006,2,6,26
574,2006-06-29,2006,2,6,29
575,2006-06-30,2006,2,6,30
576,2006-07-01,2006,3,7,1
577,2006-07-02,2006,3,7,2
578,2006-07-03,2006,3,7,3
579,2006-07-07,2006,3,7,7
580,2006-07-04,2006,3,7,4
581,2006-07-05,2006,3,7,5
582,2006-07-09,2006,3,7,9
583,2006-07-06,2006,3,7,6
584,2006-07-08,2006,3,7,8
585,2006-07-11,2006,3,7,11
586,2006-07-10,2006,3,7,10
587,2006-07-12,2006,3,7,12
588,2006-07-14,2006,3,7,14
589,2006-07-15,2006,3,7,15
590,2006-07-16,2006,3,7,16
591,2006-07-18,2006,3,7,18
592,2006-07-13,2006,3,7,13
593,2006-07-19,2006,3,7,19
594,2006-07-17,2006,3,7,17
595,2006-07-20,2006,3,7,20
596,2006-07-22,2006,3,7,22
597,2006-07-21,2006,3,7,21
598,2006-07-24,2006,3,7,24
599,2006-07-25,2006,3,7,25
600,2006-07-26,2006,3,7,26
601,2006-07-23,2006,3,7,23
602,2006-07-27,2006,3,7,27
603,2006-07-28,2006,3,7,28
604,2006-07-29,2006,3,7,29
605,2006-07-30,2006,3,7,30
606,2006-08-01,2006,3,8,1
607,2006-07-31,2006,3,7,31
608,2006-08-02,2006,3,8,2
609,2006-08-03,2006,3,8,3
610,2006-08-04,2006,3,8,4
611,2006-08-06,2006,3,8,6
612,2006-08-07,2006,3,8,7
613,2006-08-05,2006,3,8,5
614,2006-08-08,2006,3,8,8
615,2006-08-10,2006,3,8,10
616,2006-08-11,2006,3,8,11
617,2006-08-09,2006,3,8,9
618,2006-08-12,2006,3,8,12
619,2006-08-13,2006,3,8,13
620,2006-08-14,2006,3,8,14
621,2006-08-16,2006,3,8,16
622,2006-08-15,2006,3,8,15
623,2006-08-18,2006,3,8,18
624,2006-08-17,2006,3,8,17
625,2006-08-19,2006,3,8,19
626,2006-08-20,2006,3,8,20
627,2006-08-21,2006,3,8,21
628,2006-08-23,2006,3,8,23
629,2006-08-22,2006,3,8,22
630,2006-08-25,2006,3,8,25
631,2006-08-26,2006,3,8,26
632,2006-08-24,2006,3,8,24
633,2006-08-27,2006,3,8,27
634,2006-08-29,2006,3,8,29
635,2006-08-31,2006,3,8,31
636,2006-08-28,2006,3,8,28
637,2006-08-30,2006,3,8,30
638,2006-09-01,2006,3,9,1
639,2006-09-03,2006,3,9,3
640,2006-09-02,2006,3,9,2
641,2006-09-04,2006,3,9,4
642,2006-09-05,2006,3,9,5
643,2006-09-06,2006,3,9,6
644,2006-09-07,2006,3,9,7
645,2006-09-08,2006,3,9,8
646,2006-09-10,2006,3,9,10
647,2006-09-09,2006,3,9,9
648,2006-09-11,2006,3,9,11
649,2006-09-12,2006,3,9,12
650,2006-09-13,2006,3,9,13
651,2006-09-15,2006,3,9,15
652,2006-09-14,2006,3,9,14
653,2006-09-16,2006,3,9,16
654,2006-09-17,2006,3,9,17
655,2006-09-18,2006,3,9,18
656,2006-09-19,2006,3,9,19
657,2006-09-20,2006,3,9,20
658,2006-09-22,2006,3,9,22
659,2006-09-23,2006,3,9,23
660,2006-09-21,2006,3,9,21
661,2006-09-25,2006,3,9,25
662,2006-09-26,2006,3,9,26
663,2006-09-24,2006,3,9,24
664,2006-09-27,2006,3,9,27
665,2006-09-28,2006,3,9,28
666,2006-09-30,2006,3,9,30
667,2006-10-01,2006,4,10,1
668,2006-10-02,2006,4,10,2
669,2006-09-29,2006,3,9,29
670,2006-10-03,2006,4,10,3
671,2006-10-04,2006,4,10,4
672,2006-10-05,2006,4,10,5
673,2006-10-06,2006,4,10,6
674,2006-10-07,2006,4,10,7
675,2006-10-09,2006,4,10,9
676,2006-10-10,2006,4,10,10
677,2006-10-08,2006,4,10,8
678,2006-10-11,2006,4,10,11
679,2006-10-12,2006,4,10,12
680,2006-10-14,2006,4,10,14
681,2006-10-13,2006,4,10,13
682,2006-10-15,2006,4,10,15
683,2006-10-16,2006,4,10,16
684,2006-10-17,2006,4,10,17
685,2006-10-18,2006,4,10,18
686,2006-10-19,2006,4,10,19
687,2006-10-20,2006,4,10,20
688,2006-10-21,2006,4,10,21
689,2006-10-22,2006,4,10,22
690,2006-10-23,2006,4,10,23
691,2006-10-24,2006,4,10,24
692,2006-10-25,2006,4,10,25
693,2006-10-26,2006,4,10,26
694,2006-10-27,2006,4,10,27
695,2006-10-28,2006,4,10,28
696,2006-10-29,2006,4,10,29
697,2006-10-30,2006,4,10,30
698,2006-10-31,2006,4,10,31
699,2006-11-01,2006,4,11,1
700,2006-11-02,2006,4,11,2
701,2006-11-03,2006,4,11,3
702,2006-11-04,2006,4,11,4
703,2006-11-05,2006,4,11,5
704,2006-11-06,2006,4,11,6
705,2006-11-08,2006,4,11,8
706,2006-11-07,2006,4,11,7
707,2006-11-09,2006,4,11,9
708,2006-11-10,2006,4,11,10
709,2006-11-12,2006,4,11,12
710,2006-11-11,2006,4,11,11
711,2006-11-13,2006,4,11,13
712,2006-11-15,2006,4,11,15
713,2006-11-17,2006,4,11,17
714,2006-11-16,2006,4,11,16
715,2006-11-18,2006,4,11,18
716,2006-11-14,2006,4,11,14
717,2006-11-19,2006,4,11,19
718,2006-11-20,2006,4,11,20
719,2006-11-21,2006,4,11,21
720,2006-11-22,2006,4,11,22
721,2006-11-23,2006,4,11,23
722,2006-11-24,2006,4,11,24
723,2006-11-25,2006,4,11,25
724,2006-11-26,2006,4,11,26
725,2006-11-27,2006,4,11,27
726,2006-11-28,2006,4,11,28
727,2006-11-29,2006,4,11,29
728,2006-11-30,2006,4,11,30
729,2006-12-02,2006,4,12,2
730,2006-12-01,2006,4,12,1
731,2006-12-04,2006,4,12,4
732,2006-12-05,2006,4,12,5
733,2006-12-03,2006,4,12,3
734,2006-12-07,2006,4,12,7
735,2006-12-08,2006,4,12,8
736,2006-12-06,2006,4,12,6
737,2006-12-10,2006,4,12,10
738,2006-12-11,2006,4,12,11
739,2006-12-12,2006,4,12,12
740,2006-12-09,2006,4,12,9
741,2006-12-14,2006,4,12,14
742,2006-12-16,2006,4,12,16
743,2006-12-17,2006,4,12,17
744,2006-12-15,2006,4,12,15
745,2006-12-13,2006,4,12,13
746,2006-12-18,2006,4,12,18
747,2006-12-19,2006,4,12,19
748,2006-12-21,2006,4,12,21
749,2006-12-20,2006,4,12,20
750,2006-12-23,2006,4,12,23
751,2006-12-24,2006,4,12,24
752,2006-12-25,2006,4,12,25
753,2006-12-26,2006,4,12,26
754,2006-12-27,2006,4,12,27
755,2006-12-22,2006,4,12,22
756,2006-12-28,2006,4,12,28
757,2006-12-30,2006,4,12,30
758,2006-12-29,2006,4,12,29
759,2006-12-31,2006,4,12,31
760,2007-01-02,2007,1,1,2
761,2007-01-01,2007,1,1,1
762,2007-01-03,2007,1,1,3
763,2007-01-05,2007,1,1,5
764,2007-01-07,2007,1,1,7
765,2007-01-06,2007,1,1,6
766,2007-01-04,2007,1,1,4
767,2007-01-08,2007,1,1,8
768,2007-01-09,2007,1,1,9
769,2007-01-11,2007,1,1,11
770,2007-01-10,2007,1,1,10
771,2007-01-12,2007,1,1,12
772,2007-01-13,2007,1,1,13
773,2007-01-14,2007,1,1,14
774,2007-01-15,2007,1,1,15
775,2007-01-17,2007,1,1,17
776,2007-01-16,2007,1,1,16
777,2007-01-19,2007,1,1,19
778,2007-01-20,2007,1,1,20
779,2007-01-18,2007,1,1,18
780,2007-01-21,2007,1,1,21
781,2007-01-23,2007,1,1,23
782,2007-01-24,2007,1,1,24
783,2007-01-22,2007,1,1,22
784,2007-01-25,2007,1,1,25
785,2007-01-26,2007,1,1,26
786,2007-01-27,2007,1,1,27
787,2007-01-28,2007,1,1,28
788,2007-01-29,2007,1,1,29
789,2007-01-30,2007,1,1,30
790,2007-01-31,2007,1,1,31
791,2007-02-01,2007,1,2,1
792,2007-02-02,2007,1,2,2
793,2007-02-03,2007,1,2,3
794,2007-02-05,2007,1,2,5
795,2007-02-07,2007,1,2,7
796,2007-02-04,2007,1,2,4
797,2007-02-08,2007,1,2,8
798,2007-02-06,2007,1,2,6
799,2007-02-09,2007,1,2,9
800,2007-02-10,2007,1,2,10
801,2007-02-12,2007,1,2,12
802,2007-02-11,2007,1,2,11
803,2007-02-13,2007,1,2,13
804,2007-02-15,2007,1,2,15
805,2007-02-16,2007,1,2,16
806,2007-02-14,2007,1,2,14
807,2007-02-17,2007,1,2,17
808,2007-02-18,2007,1,2,18
809,2007-02-19,2007,1,2,19
810,2007-02-21,2007,1,2,21
811,2007-02-20,2007,1,2,20
812,2007-02-24,2007,1,2,24
813,2007-02-23,2007,1,2,23
814,2007-02-22,2007,1,2,22
815,2007-02-25,2007,1,2,25
816,2007-02-26,2007,1,2,26
817,2007-02-27,2007,1,2,27
818,2007-03-01,2007,1,3,1
819,2007-02-28,2007,1,2,28
820,2007-03-02,2007,1,3,2
821,2007-03-03,2007,1,3,3
822,2007-03-04,2007,1,3,4
823,2007-03-06,2007,1,3,6
824,2007-03-05,2007,1,3,5
825,2007-03-07,2007,1,3,7
826,2007-03-09,2007,1,3,9
827,2007-03-10,2007,1,3,10
828,2007-03-08,2007,1,3,8
829,2007-03-12,2007,1,3,12
830,2007-03-13,2007,1,3,13
831,2007-03-11,2007,1,3,11
832,2007-03-15,2007,1,3,15
833,2007-03-16,2007,1,3,16
834,2007-03-17,2007,1,3,17
835,2007-03-14,2007,1,3,14
836,2007-03-19,2007,1,3,19
837,2007-03-18,2007,1,3,18
838,2007-03-21,2007,1,3,21
839,2007-03-22,2007,1,3,22
840,2007-03-20,2007,1,3,20
841,2007-03-23,2007,1,3,23
842,2007-03-24,2007,1,3,24
843,2007-03-25,2007,1,3,25
844,2007-03-27,2007,1,3,27
845,2007-03-28,2007,1,3,28
846,2007-03-26,2007,1,3,26
847,2007-03-29,2007,1,3,29
848,2007-03-30,2007,1,3,30
849,2007-03-31,2007,1,3,31
850,2007-04-01,2007,2,4,1
851,2007-04-03,2007,2,4,3
852,2007-04-04,2007,2,4,4
853,2007-04-02,2007,2,4,2
854,2007-04-05,2007,2,4,5
855,2007-04-06,2007,2,4,6
856,2007-04-07,2007,2,4,7
857,2007-04-08,2007,2,4,8
858,2007-04-09,2007,2,4,9
859,2007-04-10,2007,2,4,10
860,2007-04-11,2007,2,4,11
861,2007-04-12,2007,2,4,12
862,2007-04-14,2007,2,4,14
863,2007-04-15,2007,2,4,15
864,2007-04-13,2007,2,4,13
865,2007-04-16,2007,2,4,16
866,2007-04-17,2007,2,4,17
867,2007-04-18,2007,2,4,18
868,2007-04-19,2007,2,4,19
869,2007-04-21,2007,2,4,21
870,2007-04-20,2007,2,4,20
871,2007-04-23,2007,2,4,23
872,2007-04-24,2007,2,4,24
873,2007-04-26,2007,2,4,26
874,2007-04-25,2007,2,4,25
875,2007-04-27,2007,2,4,27
876,2007-04-22,2007,2,4,22
877,2007-04-28,2007,2,4,28
878,2007-04-29,2007,2,4,29
879,2007-04-30,2007,2,4,30
880,2007-05-02,2007,2,5,2
881,2007-05-01,2007,2,5,1
882,2007-05-03,2007,2,5,3
883,2007-05-05,2007,2,5,5
884,2007-05-06,2007,2,5,6
885,2007-05-04,2007,2,5,4
886,2007-05-08,2007,2,5,8
887,2007-05-09,2007,2,5,9
888,2007-05-10,2007,2,5,10
889,2007-05-07,2007,2,5,7
890,2007-05-11,2007,2,5,11
891,2007-05-12,2007,2,5,12
892,2007-05-13,2007,2,5,13
893,2007-05-14,2007,2,5,14
894,2007-05-16,2007,2,5,16
895,2007-05-15,2007,2,5,15
896,2007-05-17,2007,2,5,17
897,2007-05-19,2007,2,5,19
898,2007-05-18,2007,2,5,18
899,2007-05-20,2007,2,5,20
900,2007-05-21,2007,2,5,21
901,2007-05-23,2007,2,5,23
902,2007-05-22,2007,2,5,22
903,2007-05-24,2007,2,5,24
904,2007-05-25,2007,2,5,25
905,2007-05-26,2007,2,5,26
906,2007-05-27,2007,2,5,27
907,2007-05-28,2007,2,5,28
908,2007-05-29,2007,2,5,29
909,2007-05-30,2007,2,5,30
910,2007-06-01,2007,2,6,1
911,2007-06-02,2007,2,6,2
912,2007-05-31,2007,2,5,31
913,2007-06-03,2007,2,6,3
914,2007-06-04,2007,2,6,4
915,2007-06-05,2007,2,6,5
916,2007-06-07,2007,2,6,7
917,2007-06-06,2007,2,6,6
918,2007-06-09,2007,2,6,9
919,2007-06-10,2007,2,6,10
920,2007-06-08,2007,2,6,8
921,2007-06-11,2007,2,6,11
922,2007-06-13,2007,2,6,13
923,2007-06-12,2007,2,6,12
924,2007-06-15,2007,2,6,15
925,2007-06-16,2007,2,6,16
926,2007-06-14,2007,2,6,14
927,2007-06-17,2007,2,6,17
928,2007-06-18,2007,2,6,18
929,2007-06-19,2007,2,6,19
930,2007-06-21,2007,2,6,21
931,2007-06-20,2007,2,6,20
932,2007-06-22,2007,2,6,22
933,2007-06-23,2007,2,6,23
934,2007-06-24,2007,2,6,24
935,2007-06-25,2007,2,6,25
936,2007-06-26,2007,2,6,26
937,2007-06-27,2007,2,6,27
938,2007-06-28,2007,2,6,28
939,2007-06-29,2007,2,6,29
940,2007-06-30,2007,2,6,30
941,2007-07-01,2007,3,7,1
942,2007-07-03,2007,3,7,3
943,2007-07-02,2007,3,7,2
944,2007-07-04,2007,3,7,4
945,2007-07-06,2007,3,7,6
946,2007-07-05,2007,3,7,5
947,2007-07-07,2007,3,7,7
948,2007-07-08,2007,3,7,8
949,2007-07-09,2007,3,7,9
950,2007-07-11,2007,3,7,11
951,2007-07-12,2007,3,7,12
952,2007-07-13,2007,3,7,13
953,2007-07-15,2007,3,7,15
954,2007-07-14,2007,3,7,14
955,2007-07-16,2007,3,7,16
956,2007-07-10,2007,3,7,10
957,2007-07-18,2007,3,7,18
958,2007-07-19,2007,3,7,19
959,2007-07-20,2007,3,7,20
960,2007-07-17,2007,3,7,17
961,2007-07-21,2007,3,7,21
962,2007-07-23,2007,3,7,23
963,2007-07-24,2007,3,7,24
964,2007-07-25,2007,3,7,25
965,2007-07-22,2007,3,7,22
966,2007-07-26,2007,3,7,26
967,2007-07-27,2007,3,7,27
968,2007-07-30,2007,3,7,30
969,2007-07-28,2007,3,7,28
970,2007-07-29,2007,3,7,29
971,2007-07-31,2007,3,7,31
972,2007-08-02,2007,3,8,2
973,2007-08-01,2007,3,8,1
974,2007-08-03,2007,3,8,3
975,2007-08-04,2007,3,8,4
976,2007-08-07,2007,3,8,7
977,2007-08-08,2007,3,8,8
978,2007-08-09,2007,3,8,9
979,2007-08-05,2007,3,8,5
980,2007-08-06,2007,3,8,6
981,2007-08-10,2007,3,8,10
982,2007-08-11,2007,3,8,11
983,2007-08-12,2007,3,8,12
984,2007-08-13,2007,3,8,13
985,2007-08-14,2007,3,8,14
986,2007-08-15,2007,3,8,15
987,2007-08-16,2007,3,8,16
988,2007-08-17,2007,3,8,17
989,2007-08-18,2007,3,8,18
990,2007-08-19,2007,3,8,19
991,2007-08-20,2007,3,8,20
992,2007-08-21,2007,3,8,21
993,2007-08-22,2007,3,8,22
994,2007-08-24,2007,3,8,24
995,2007-08-23,2007,3,8,23
996,2007-08-25,2007,3,8,25
997,2007-08-27,2007,3,8,27
998,2007-08-26,2007,3,8,26
999,2007-08-28,2007,3,8,28
1000,2007-08-29,2007,3,8,29
1001,2007-08-30,2007,3,8,30
1002,2007-08-31,2007,3,8,31
1003,2007-09-02,2007,3,9,2
1004,2007-09-03,2007,3,9,3
1005,2007-09-01,2007,3,9,1
1006,2007-09-04,2007,3,9,4
1007,2007-09-05,2007,3,9,5
1008,2007-09-06,2007,3,9,6
1009,2007-09-07,2007,3,9,7
1010,2007-09-08,2007,3,9,8
1011,2007-09-09,2007,3,9,9
1012,2007-09-10,2007,3,9,10
1013,2007-09-12,2007,3,9,12
1014,2007-09-11,2007,3,9,11
1015,2007-09-14,2007,3,9,14
1016,2007-09-13,2007,3,9,13
1017,2007-09-16,2007,3,9,16
1018,2007-09-15,2007,3,9,15
1019,2007-09-17,2007,3,9,17
1020,2007-09-19,2007,3,9,19
1021,2007-09-20,2007,3,9,20
1022,2007-09-22,2007,3,9,22
1023,2007-09-21,2007,3,9,21
1024,2007-09-18,2007,3,9,18
1025,2007-09-24,2007,3,9,24
1026,2007-09-23,2007,3,9,23
1027,2007-09-26,2007,3,9,26
1028,2007-09-25,2007,3,9,25
1029,2007-09-27,2007,3,9,27
1030,2007-09-28,2007,3,9,28
1031,2007-09-30,2007,3,9,30
1032,2007-09-29,2007,3,9,29
1033,2007-10-01,2007,4,10,1
1034,2007-10-02,2007,4,10,2
1035,2007-10-03,2007,4,10,3
1036,2007-10-04,2007,4,10,4
1037,2007-10-07,2007,4,10,7
1038,2007-10-08,2007,4,10,8
1039,2007-10-05,2007,4,10,5
1040,2007-10-06,2007,4,10,6
1041,2007-10-09,2007,4,10,9
1042,2007-10-10,2007,4,10,10
1043,2007-10-12,2007,4,10,12
1044,2007-10-11,2007,4,10,11
1045,2007-10-13,2007,4,10,13
1046,2007-10-14,2007,4,10,14
1047,2007-10-17,2007,4,10,17
1048,2007-10-16,2007,4,10,16
1049,2007-10-18,2007,4,10,18
1050,2007-10-19,2007,4,10,19
1051,2007-10-15,2007,4,10,15
1052,2007-10-21,2007,4,10,21
1053,2007-10-20,2007,4,10,20
1054,2007-10-22,2007,4,10,22
1055,2007-10-23,2007,4,10,23
1056,2007-10-24,2007,4,10,24
1057,2007-10-26,2007,4,10,26
1058,2007-10-25,2007,4,10,25
1059,2007-10-27,2007,4,10,27
1060,2007-10-28,2007,4,10,28
1061,2007-10-29,2007,4,10,29
1062,2007-10-30,2007,4,10,30
1063,2007-10-31,2007,4,10,31
1064,2007-11-01,2007,4,11,1
1065,2007-11-02,2007,4,11,2
1066,2007-11-03,2007,4,11,3
1067,2007-11-04,2007,4,11,4
1068,2007-11-05,2007,4,11,5
1069,2007-11-06,2007,4,11,6
1070,2007-11-07,2007,4,11,7
1071,2007-11-09,2007,4,11,9
1072,2007-11-08,2007,4,11,8
1073,2007-11-12,2007,4,11,12
1074,2007-11-11,2007,4,11,11
1075,2007-11-10,2007,4,11,10
1076,2007-11-13,2007,4,11,13
1077,2007-11-15,2007,4,11,15
1078,2007-11-16,2007,4,11,16
1079,2007-11-14,2007,4,11,14
1080,2007-11-17,2007,4,11,17
1081,2007-11-18,2007,4,11,18
1082,2007-11-19,2007,4,11,19
1083,2007-11-21,2007,4,11,21
1084,2007-11-20,2007,4,11,20
1085,2007-11-22,2007,4,11,22
1086,2007-11-23,2007,4,11,23
1087,2007-11-24,2007,4,11,24
1088,2007-11-25,2007,4,11,25
1089,2007-11-26,2007,4,11,26
1090,2007-11-27,2007,4,11,27
1091,2007-11-28,2007,4,11,28
1092,2007-11-30,2007,4,11,30
1093,2007-11-29,2007,4,11,29
1094,2007-12-01,2007,4,12,1
1095,2007-12-02,2007,4,12,2
1096,2007-12-03,2007,4,12,3
1097,2007-12-04,2007,4,12,4
1098,2007-12-05,2007,4,12,5
1099,2007-12-07,2007,4,12,7
1100,2007-12-08,2007,4,12,8
1101,2007-12-09,2007,4,12,9
1102,2007-12-06,2007,4,12,6
1103,2007-12-10,2007,4,12,10
1104,2007-12-11,2007,4,12,11
1105,2007-12-13,2007,4,12,13
1106,2007-12-12,2007,4,12,12
1107,2007-12-14,2007,4,12,14
1108,2007-12-15,2007,4,12,15
1109,2007-12-17,2007,4,12,17
1110,2007-12-16,2007,4,12,16
1111,2007-12-19,2007,4,12,19
1112,2007-12-18,2007,4,12,18
1113,2007-12-21,2007,4,12,21
1114,2007-12-20,2007,4,12,20
1115,2007-12-22,2007,4,12,22
1116,2007-12-23,2007,4,12,23
1117,2007-12-24,2007,4,12,24
1118,2007-12-25,2007,4,12,25
1119,2007-12-26,2007,4,12,26
1120,2007-12-27,2007,4,12,27
1121,2007-12-28,2007,4,12,28
1122,2007-12-29,2007,4,12,29
1123,2007-12-30,2007,4,12,30
1124,2007-12-31,2007,4,12,31
1125,2008-01-01,2008,1,1,1
1126,2008-01-02,2008,1,1,2
1127,2008-01-03,2008,1,1,3
1128,2008-01-04,2008,1,1,4
1129,2008-01-06,2008,1,1,6
1130,2008-01-05,2008,1,1,5
1131,2008-01-07,2008,1,1,7
1132,2008-01-08,2008,1,1,8
1133,2008-01-11,2008,1,1,11
1134,2008-01-09,2008,1,1,9
1135,2008-01-12,2008,1,1,12
1136,2008-01-10,2008,1,1,10
1137,2008-01-14,2008,1,1,14
1138,2008-01-13,2008,1,1,13
1139,2008-01-15,2008,1,1,15
1140,2008-01-16,2008,1,1,16
1141,2008-01-17,2008,1,1,17
1142,2008-01-18,2008,1,1,18
1143,2008-01-20,2008,1,1,20
1144,2008-01-19,2008,1,1,19
1145,2008-01-22,2008,1,1,22
1146,2008-01-23,2008,1,1,23
1147,2008-01-21,2008,1,1,21
1148,2008-01-27,2008,1,1,27
1149,2008-01-28,2008,1,1,28
1150,2008-01-24,2008,1,1,24
1151,2008-01-25,2008,1,1,25
1152,2008-01-26,2008,1,1,26
1153,2008-01-30,2008,1,1,30
1154,2008-01-31,2008,1,1,31
1155,2008-01-29,2008,1,1,29
1156,2008-02-01,2008,1,2,1
1157,2008-02-02,2008,1,2,2
1158,2008-02-04,2008,1,2,4
1159,2008-02-03,2008,1,2,3
1160,2008-02-05,2008,1,2,5
1161,2008-02-06,2008,1,2,6
1162,2008-02-08,2008,1,2,8
1163,2008-02-07,2008,1,2,7
1164,2008-02-10,2008,1,2,10
1165,2008-02-09,2008,1,2,9
1166,2008-02-11,2008,1,2,11
1167,2008-02-12,2008,1,2,12
1168,2008-02-13,2008,1,2,13
1169,2008-02-15,2008,1,2,15
1170,2008-02-14,2008,1,2,14
1171,2008-02-17,2008,1,2,17
1172,2008-02-16,2008,1,2,16
1173,2008-02-19,2008,1,2,19
1174,2008-02-18,2008,1,2,18
1175,2008-02-20,2008,1,2,20
1176,2008-02-21,2008,1,2,21
1177,2008-02-22,2008,1,2,22
1178,2008-02-23,2008,1,2,23
1179,2008-02-24,2008,1,2,24
1180,2008-02-25,2008,1,2,25
1181,2008-02-27,2008,1,2,27
1182,2008-02-26,2008,1,2,26
1183,2008-02-28,2008,1,2,28
1184,2008-02-29,2008,1,2,29
1185,2008-03-01,2008,1,3,1
1186,2008-03-02,2008,1,3,2
1187,2008-03-03,2008,1,3,3
1188,2008-03-04,2008,1,3,4
1189,2008-03-05,2008,1,3,5
1190,2008-03-07,2008,1,3,7
1191,2008-03-06,2008,1,3,6
1192,2008-03-08,2008,1,3,8
1193,2008-03-09,2008,1,3,9
1194,2008-03-10,2008,1,3,10
1195,2008-03-12,2008,1,3,12
1196,2008-03-11,2008,1,3,11
1197,2008-03-13,2008,1,3,13
1198,2008-03-16,2008,1,3,16
1199,2008-03-15,2008,1,3,15
1200,2008-03-14,2008,1,3,14
1201,2008-03-17,2008,1,3,17
1202,2008-03-18,2008,1,3,18
1203,2008-03-19,2008,1,3,19
1204,2008-03-20,2008,1,3,20
1205,2008-03-22,2008,1,3,22
1206,2008-03-23,2008,1,3,23
1207,2008-03-21,2008,1,3,21
1208,2008-03-25,2008,1,3,25
1209,2008-03-24,2008,1,3,24
1210,2008-03-26,2008,1,3,26
1211,2008-03-28,2008,1,3,28
1212,2008-03-29,2008,1,3,29
1213,2008-03-27,2008,1,3,27
1214,2008-03-30,2008,1,3,30
1215,2008-03-31,2008,1,3,31
1216,2008-04-02,2008,2,4,2
1217,2008-04-01,2008,2,4,1
1218,2008-04-06,2008,2,4,6
1219,2008-04-05,2008,2,4,5
1220,2008-04-04,2008,2,4,4
1221,2008-04-03,2008,2,4,3
1222,2008-04-08,2008,2,4,8
1223,2008-04-09,2008,2,4,9
1224,2008-04-07,2008,2,4,7
1225,2008-04-11,2008,2,4,11
1226,2008-04-10,2008,2,4,10
1227,2008-04-12,2008,2,4,12
1228,2008-04-14,2008,2,4,14
1229,2008-04-15,2008,2,4,15
1230,2008-04-16,2008,2,4,16
1231,2008-04-17,2008,2,4,17
1232,2008-04-13,2008,2,4,13
1233,2008-04-20,2008,2,4,20
1234,2008-04-18,2008,2,4,18
1235,2008-04-21,2008,2,4,21
1236,2008-04-19,2008,2,4,19
1237,2008-04-23,2008,2,4,23
1238,2008-04-24,2008,2,4,24
1239,2008-04-22,2008,2,4,22
1240,2008-04-25,2008,2,4,25
1241,2008-04-26,2008,2,4,26
1242,2008-04-28,2008,2,4,28
1243,2008-04-29,2008,2,4,29
1244,2008-04-27,2008,2,4,27
1245,2008-04-30,2008,2,4,30
1246,2008-05-01,2008,2,5,1
1247,2008-05-03,2008,2,5,3
1248,2008-05-02,2008,2,5,2
1249,2008-05-05,2008,2,5,5
1250,2008-05-04,2008,2,5,4
1251,2008-05-06,2008,2,5,6
1252,2008-05-07,2008,2,5,7
1253,2008-05-08,2008,2,5,8
1254,2008-05-09,2008,2,5,9
1255,2008-05-10,2008,2,5,10
1256,2008-05-11,2008,2,5,11
1257,2008-05-12,2008,2,5,12
1258,2008-05-13,2008,2,5,13
1259,2008-05-14,2008,2,5,14
1260,2008-05-15,2008,2,5,15
1261,2008-05-16,2008,2,5,16
1262,2008-05-18,2008,2,5,18
1263,2008-05-17,2008,2,5,17
1264,2008-05-19,2008,2,5,19
1265,2008-05-21,2008,2,5,21
1266,2008-05-22,2008,2,5,22
1267,2008-05-23,2008,2,5,23
1268,2008-05-20,2008,2,5,20
1269,2008-05-24,2008,2,5,24
1270,2008-05-25,2008,2,5,25
1271,2008-05-26,2008,2,5,26
1272,2008-05-27,2008,2,5,27
1273,2008-05-28,2008,2,5,28
1274,2008-05-29,2008,2,5,29
1275,2008-05-30,2008,2,5,30
1276,2008-05-31,2008,2,5,31
1277,2008-06-03,2008,2,6,3
1278,2008-06-02,2008,2,6,2
1279,2008-06-01,2008,2,6,1
1280,2008-06-04,2008,2,6,4
1281,2008-06-05,2008,2,6,5
1282,2008-06-06,2008,2,6,6
1283,2008-06-07,2008,2,6,7
1284,2008-06-09,2008,2,6,9
1285,2008-06-08,2008,2,6,8
1286,2008-06-12,2008,2,6,12
1287,2008-06-11,2008,2,6,11
1288,2008-06-13,2008,2,6,13
1289,2008-06-10,2008,2,6,10
1290,2008-06-14,2008,2,6,14
1291,2008-06-16,2008,2,6,16
1292,2008-06-17,2008,2,6,17
1293,2008-06-15,2008,2,6,15
1294,2008-06-18,2008,2,6,18
1295,2008-06-19,2008,2,6,19
1296,2008-06-21,2008,2,6,21
1297,2008-06-22,2008,2,6,22
1298,2008-06-23,2008,2,6,23
1299,2008-06-24,2008,2,6,24
1300,2008-06-20,2008,2,6,20
1301,2008-06-25,2008,2,6,25
1302,2008-06-26,2008,2,6,26
1303,2008-06-27,2008,2,6,27
1304,2008-06-28,2008,2,6,28
1305,2008-06-29,2008,2,6,29
1306,2008-07-01,2008,3,7,1
1307,2008-06-30,2008,2,6,30
1308,2008-07-02,2008,3,7,2
1309,2008-07-03,2008,3,7,3
1310,2008-07-04,2008,3,7,4
1311,2008-07-06,2008,3,7,6
1312,2008-07-05,2008,3,7,5
1313,2008-07-07,2008,3,7,7
1314,2008-07-09,2008,3,7,9
1315,2008-07-10,2008,3,7,10
1316,2008-07-11,2008,3,7,11
1317,2008-07-08,2008,3,7,8
1318,2008-07-13,2008,3,7,13
1319,2008-07-12,2008,3,7,12
1320,2008-07-14,2008,3,7,14
1321,2008-07-15,2008,3,7,15
1322,2008-07-16,2008,3,7,16
1323,2008-07-17,2008,3,7,17
1324,2008-07-18,2008,3,7,18
1325,2008-07-19,2008,3,7,19
1326,2008-07-20,2008,3,7,20
1327,2008-07-21,2008,3,7,21
1328,2008-07-22,2008,3,7,22
1329,2008-07-24,2008,3,7,24
1330,2008-07-23,2008,3,7,23
1331,2008-07-25,2008,3,7,25
1332,2008-07-27,2008,3,7,27
1333,2008-07-30,2008,3,7,30
1334,2008-07-26,2008,3,7,26
1335,2008-07-29,2008,3,7,29
1336,2008-07-28,2008,3,7,28
1337,2008-07-31,2008,3,7,31
1338,2008-08-02,2008,3,8,2
1339,2008-08-01,2008,3,8,1
1340,2008-08-03,2008,3,8,3
1341,2008-08-05,2008,3,8,5
1342,2008-08-04,2008,3,8,4
1343,2008-08-07,2008,3,8,7
1344,2008-08-06,2008,3,8,6
1345,2008-08-08,2008,3,8,8
1346,2008-08-09,2008,3,8,9
1347,2008-08-11,2008,3,8,11
1348,2008-08-10,2008,3,8,10
1349,2008-08-12,2008,3,8,12
1350,2008-08-13,2008,3,8,13
1351,2008-08-15,2008,3,8,15
1352,2008-08-16,2008,3,8,16
1353,2008-08-14,2008,3,8,14
1354,2008-08-18,2008,3,8,18
1355,2008-08-19,2008,3,8,19
1356,2008-08-20,2008,3,8,20
1357,2008-08-21,2008,3,8,21
1358,2008-08-17,2008,3,8,17
1359,2008-08-22,2008,3,8,22
1360,2008-08-23,2008,3,8,23
1361,2008-08-24,2008,3,8,24
1362,2008-08-26,2008,3,8,26
1363,2008-08-25,2008,3,8,25
1364,2008-08-27,2008,3,8,27
1365,2008-08-28,2008,3,8,28
1366,2008-08-29,2008,3,8,29
1367,2008-08-30,2008,3,8,30
1368,2008-09-01,2008,3,9,1
1369,2008-08-31,2008,3,8,31
1370,2008-09-03,2008,3,9,3
1371,2008-09-05,2008,3,9,5
1372,2008-09-02,2008,3,9,2
1373,2008-09-04,2008,3,9,4
1374,2008-09-06,2008,3,9,6
1375,2008-09-07,2008,3,9,7
1376,2008-09-09,2008,3,9,9
1377,2008-09-08,2008,3,9,8
1378,2008-09-10,2008,3,9,10
1379,2008-09-11,2008,3,9,11
1380,2008-09-12,2008,3,9,12
1381,2008-09-14,2008,3,9,14
1382,2008-09-13,2008,3,9,13
1383,2008-09-16,2008,3,9,16
1384,2008-09-17,2008,3,9,17
1385,2008-09-18,2008,3,9,18
1386,2008-09-15,2008,3,9,15
1387,2008-09-19,2008,3,9,19
1388,2008-09-20,2008,3,9,20
1389,2008-09-21,2008,3,9,21
1390,2008-09-22,2008,3,9,22
1391,2008-09-23,2008,3,9,23
1392,2008-09-24,2008,3,9,24
1393,2008-09-25,2008,3,9,25
1394,2008-09-26,2008,3,9,26
1395,2008-09-27,2008,3,9,27
1396,2008-09-28,2008,3,9,28
1397,2008-10-01,2008,4,10,1
1398,2008-10-02,2008,4,10,2
1399,2008-09-29,2008,3,9,29
1400,2008-09-30,2008,3,9,30
1401,2008-10-03,2008,4,10,3
1402,2008-10-04,2008,4,10,4
1403,2008-10-05,2008,4,10,5
1404,2008-10-06,2008,4,10,6
1405,2008-10-07,2008,4,10,7
1406,2008-10-09,2008,4,10,9
1407,2008-10-08,2008,4,10,8
1408,2008-10-10,2008,4,10,10
1409,2008-10-12,2008,4,10,12
1410,2008-10-11,2008,4,10,11
1411,2008-10-13,2008,4,10,13
1412,2008-10-15,2008,4,10,15
1413,2008-10-14,2008,4,10,14
1414,2008-10-16,2008,4,10,16
1415,2008-10-17,2008,4,10,17
1416,2008-10-18,2008,4,10,18
1417,2008-10-20,2008,4,10,20
1418,2008-10-19,2008,4,10,19
1419,2008-10-21,2008,4,10,21
1420,2008-10-22,2008,4,10,22
1421,2008-10-24,2008,4,10,24
1422,2008-10-23,2008,4,10,23
1423,2008-10-26,2008,4,10,26
1424,2008-10-25,2008,4,10,25
1425,2008-10-27,2008,4,10,27
1426,2008-10-28,2008,4,10,28
1427,2008-10-29,2008,4,10,29
1428,2008-11-01,2008,4,11,1
1429,2008-11-02,2008,4,11,2
1430,2008-10-31,2008,4,10,31
1431,2008-10-30,2008,4,10,30
1432,2008-11-03,2008,4,11,3
1433,2008-11-05,2008,4,11,5
1434,2008-11-04,2008,4,11,4
1435,2008-11-06,2008,4,11,6
1436,2008-11-07,2008,4,11,7
1437,2008-11-09,2008,4,11,9
1438,2008-11-08,2008,4,11,8
1439,2008-11-10,2008,4,11,10
1440,2008-11-11,2008,4,11,11
1441,2008-11-12,2008,4,11,12
1442,2008-11-13,2008,4,11,13
1443,2008-11-15,2008,4,11,15
1444,2008-11-16,2008,4,11,16
1445,2008-11-14,2008,4,11,14
1446,2008-11-17,2008,4,11,17
1447,2008-11-18,2008,4,11,18
1448,2008-11-20,2008,4,11,20
1449,2008-11-19,2008,4,11,19
1450,2008-11-21,2008,4,11,21
1451,2008-11-22,2008,4,11,22
1452,2008-11-23,2008,4,11,23
1453,2008-11-24,2008,4,11,24
1454,2008-11-25,2008,4,11,25
1455,2008-11-26,2008,4,11,26
1456,2008-11-27,2008,4,11,27
1457,2008-11-28,2008,4,11,28
1458,2008-11-30,2008,4,11,30
1459,2008-11-29,2008,4,11,29
1460,2008-12-01,2008,4,12,1
1461,2008-12-02,2008,4,12,2
1462,2008-12-03,2008,4,12,3
1463,2008-12-04,2008,4,12,4
1464,2008-12-05,2008,4,12,5
1465,2008-12-06,2008,4,12,6
1466,2008-12-08,2008,4,12,8
1467,2008-12-07,2008,4,12,7
1468,2008-12-09,2008,4,12,9
1469,2008-12-10,2008,4,12,10
1470,2008-12-12,2008,4,12,12
1471,2008-12-13,2008,4,12,13
1472,2008-12-14,2008,4,12,14
1473,2008-12-15,2008,4,12,15
1474,2008-12-16,2008,4,12,16
1475,2008-12-17,2008,4,12,17
1476,2008-12-11,2008,4,12,11
1477,2008-12-20,2008,4,12,20
1478,2008-12-18,2008,4,12,18
1479,2008-12-21,2008,4,12,21
1480,2008-12-19,2008,4,12,19
1481,2008-12-23,2008,4,12,23
1482,2008-12-22,2008,4,12,22
1483,2008-12-24,2008,4,12,24
1484,2008-12-25,2008,4,12,25
1485,2008-12-26,2008,4,12,26
1486,2008-12-27,2008,4,12,27
1487,2008-12-28,2008,4,12,28
1488,2008-12-29,2008,4,12,29
1489,2009-01-01,2009,1,1,1
1490,2008-12-31,2008,4,12,31
1491,2009-01-02,2009,1,1,2
1492,2009-01-05,2009,1,1,5
1493,2008-12-30,2008,4,12,30
1494,2009-01-04,2009,1,1,4
1495,2009-01-03,2009,1,1,3
1496,2009-01-06,2009,1,1,6
1497,2009-01-08,2009,1,1,8
1498,2009-01-07,2009,1,1,7
1499,2009-01-10,2009,1,1,10
1500,2009-01-11,2009,1,1,11
1501,2009-01-09,2009,1,1,9
1502,2009-01-12,2009,1,1,12
1503,2009-01-13,2009,1,1,13
1504,2009-01-15,2009,1,1,15
1505,2009-01-14,2009,1,1,14
1506,2009-01-16,2009,1,1,16
1507,2009-01-17,2009,1,1,17
1508,2009-01-18,2009,1,1,18
1509,2009-01-20,2009,1,1,20
1510,2009-01-19,2009,1,1,19
1511,2009-01-21,2009,1,1,21
1512,2009-01-22,2009,1,1,22
1513,2009-01-23,2009,1,1,23
1514,2009-01-25,2009,1,1,25
1515,2009-01-24,2009,1,1,24
1516,2009-01-27,2009,1,1,27
1517,2009-01-28,2009,1,1,28
1518,2009-01-26,2009,1,1,26
1519,2009-01-29,2009,1,1,29
1520,2009-01-30,2009,1,1,30
1521,2009-01-31,2009,1,1,31
1522,2009-02-01,2009,1,2,1
1523,2009-02-04,2009,1,2,4
1524,2009-02-03,2009,1,2,3
1525,2009-02-02,2009,1,2,2
1526,2009-02-06,2009,1,2,6
1527,2009-02-07,2009,1,2,7
1528,2009-02-08,2009,1,2,8
1529,2009-02-05,2009,1,2,5
1530,2009-02-09,2009,1,2,9
1531,2009-02-11,2009,1,2,11
1532,2009-02-13,2009,1,2,13
1533,2009-02-12,2009,1,2,12
1534,2009-02-10,2009,1,2,10
1535,2009-02-15,2009,1,2,15
1536,2009-02-16,2009,1,2,16
1537,2009-02-14,2009,1,2,14
1538,2009-02-17,2009,1,2,17
1539,2009-02-18,2009,1,2,18
1540,2009-02-19,2009,1,2,19
1541,2009-02-21,2009,1,2,21
1542,2009-02-22,2009,1,2,22
1543,2009-02-23,2009,1,2,23
1544,2009-02-20,2009,1,2,20
1545,2009-02-24,2009,1,2,24
1546,2009-02-26,2009,1,2,26
1547,2009-02-25,2009,1,2,25
1548,2009-02-27,2009,1,2,27
1549,2009-02-28,2009,1,2,28
1550,2009-03-03,2009,1,3,3
1551,2009-03-01,2009,1,3,1
1552,2009-03-02,2009,1,3,2
1553,2009-03-04,2009,1,3,4
1554,2009-03-06,2009,1,3,6
1555,2009-03-05,2009,1,3,5
1556,2009-03-07,2009,1,3,7
1557,2009-03-08,2009,1,3,8
1558,2009-03-09,2009,1,3,9
1559,2009-03-10,2009,1,3,10
1560,2009-03-11,2009,1,3,11
1561,2009-03-12,2009,1,3,12
1562,2009-03-13,2009,1,3,13
1563,2009-03-14,2009,1,3,14
1564,2009-03-16,2009,1,3,16
1565,2009-03-17,2009,1,3,17
1566,2009-03-15,2009,1,3,15
1567,2009-03-18,2009,1,3,18
1568,2009-03-19,2009,1,3,19
1569,2009-03-20,2009,1,3,20
1570,2009-03-21,2009,1,3,21
1571,2009-03-22,2009,1,3,22
1572,2009-03-24,2009,1,3,24
1573,2009-03-23,2009,1,3,23
1574,2009-03-26,2009,1,3,26
1575,2009-03-25,2009,1,3,25
1576,2009-03-27,2009,1,3,27
1577,2009-03-28,2009,1,3,28
1578,2009-03-29,2009,1,3,29
1579,2009-03-30,2009,1,3,30
1580,2009-03-31,2009,1,3,31
1581,2009-04-01,2009,2,4,1
1582,2009-04-02,2009,2,4,2
1583,2009-04-04,2009,2,4,4
1584,2009-04-05,2009,2,4,5
1585,2009-04-03,2009,2,4,3
1586,2009-04-07,2009,2,4,7
1587,2009-04-08,2009,2,4,8
1588,2009-04-09,2009,2,4,9
1589,2009-04-06,2009,2,4,6
1590,2009-04-11,2009,2,4,11
1591,2009-04-12,2009,2,4,12
1592,2009-04-13,2009,2,4,13
1593,2009-04-10,2009,2,4,10
1594,2009-04-14,2009,2,4,14
1595,2009-04-15,2009,2,4,15
1596,2009-04-16,2009,2,4,16
1597,2009-04-17,2009,2,4,17
1598,2009-04-18,2009,2,4,18
1599,2009-04-19,2009,2,4,19
1600,2009-04-20,2009,2,4,20
1601,2009-04-21,2009,2,4,21
1602,2009-04-22,2009,2,4,22
1603,2009-04-23,2009,2,4,23
1604,2009-04-24,2009,2,4,24
1605,2009-04-26,2009,2,4,26
1606,2009-04-27,2009,2,4,27
1607,2009-04-28,2009,2,4,28
1608,2009-04-30,2009,2,4,30
1609,2009-04-29,2009,2,4,29
1610,2009-04-25,2009,2,4,25
1611,2009-05-02,2009,2,5,2
1612,2009-05-01,2009,2,5,1
1613,2009-05-03,2009,2,5,3
1614,2009-05-04,2009,2,5,4
1615,2009-05-05,2009,2,5,5
1616,2009-05-06,2009,2,5,6
1617,2009-05-07,2009,2,5,7
1618,2009-05-09,2009,2,5,9
1619,2009-05-10,2009,2,5,10
1620,2009-05-11,2009,2,5,11
1621,2009-05-12,2009,2,5,12
1622,2009-05-13,2009,2,5,13
1623,2009-05-14,2009,2,5,14
1624,2009-05-15,2009,2,5,15
1625,2009-05-08,2009,2,5,8
1626,2009-05-16,2009,2,5,16
1627,2009-05-18,2009,2,5,18
1628,2009-05-19,2009,2,5,19
1629,2009-05-20,2009,2,5,20
1630,2009-05-22,2009,2,5,22
1631,2009-05-17,2009,2,5,17
1632,2009-05-21,2009,2,5,21
1633,2009-05-23,2009,2,5,23
1634,2009-05-24,2009,2,5,24
1635,2009-05-25,2009,2,5,25
1636,2009-05-26,2009,2,5,26
1637,2009-05-27,2009,2,5,27
1638,2009-05-28,2009,2,5,28
1639,2009-05-29,2009,2,5,29
1640,2009-05-30,2009,2,5,30
1641,2009-05-31,2009,2,5,31
1642,2009-06-01,2009,2,6,1
1643,2009-06-02,2009,2,6,2
1644,2009-06-03,2009,2,6,3
1645,2009-06-04,2009,2,6,4
1646,2009-06-05,2009,2,6,5
1647,2009-06-06,2009,2,6,6
1648,2009-06-08,2009,2,6,8
1649,2009-06-10,2009,2,6,10
1650,2009-06-11,2009,2,6,11
1651,2009-06-07,2009,2,6,7
1652,2009-06-09,2009,2,6,9
1653,2009-06-12,2009,2,6,12
1654,2009-06-14,2009,2,6,14
1655,2009-06-15,2009,2,6,15
1656,2009-06-13,2009,2,6,13
1657,2009-06-17,2009,2,6,17
1658,2009-06-16,2009,2,6,16
1659,2009-06-18,2009,2,6,18
1660,2009-06-19,2009,2,6,19
1661,2009-06-20,2009,2,6,20
1662,2009-06-21,2009,2,6,21
1663,2009-06-23,2009,2,6,23
1664,2009-06-24,2009,2,6,24
1665,2009-06-25,2009,2,6,25
1666,2009-06-26,2009,2,6,26
1667,2009-06-22,2009,2,6,22
1668,2009-06-27,2009,2,6,27
1669,2009-06-28,2009,2,6,28
1670,2009-06-29,2009,2,6,29
1671,2009-06-30,2009,2,6,30
1672,2009-07-02,2009,3,7,2
1673,2009-07-03,2009,3,7,3
1674,2009-07-01,2009,3,7,1
1675,2009-07-05,2009,3,7,5
1676,2009-07-06,2009,3,7,6
1677,2009-07-04,2009,3,7,4
1678,2009-07-07,2009,3,7,7
1679,2009-07-08,2009,3,7,8
1680,2009-07-09,2009,3,7,9
1681,2009-07-10,2009,3,7,10
1682,2009-07-11,2009,3,7,11
1683,2009-07-13,2009,3,7,13
1684,2009-07-12,2009,3,7,12
1685,2009-07-14,2009,3,7,14
1686,2009-07-15,2009,3,7,15
1687,2009-07-16,2009,3,7,16
1688,2009-07-17,2009,3,7,17
1689,2009-07-19,2009,3,7,19
1690,2009-07-18,2009,3,7,18
1691,2009-07-20,2009,3,7,20
1692,2009-07-21,2009,3,7,21
1693,2009-07-23,2009,3,7,23
1694,2009-07-22,2009,3,7,22
1695,2009-07-25,2009,3,7,25
1696,2009-07-24,2009,3,7,24
1697,2009-07-27,2009,3,7,27
1698,2009-07-29,2009,3,7,29
1699,2009-07-28,2009,3,7,28
1700,2009-07-26,2009,3,7,26
1701,2009-07-30,2009,3,7,30
1702,2009-07-31,2009,3,7,31
1703,2009-08-01,2009,3,8,1
1704,2009-08-02,2009,3,8,2
1705,2009-08-03,2009,3,8,3
1706,2009-08-04,2009,3,8,4
1707,2009-08-06,2009,3,8,6
1708,2009-08-05,2009,3,8,5
1709,2009-08-07,2009,3,8,7
1710,2009-08-09,2009,3,8,9
1711,2009-08-10,2009,3,8,10
1712,2009-08-08,2009,3,8,8
1713,2009-08-11,2009,3,8,11
1714,2009-08-12,2009,3,8,12
1715,2009-08-14,2009,3,8,14
1716,2009-08-13,2009,3,8,13
1717,2009-08-15,2009,3,8,15
1718,2009-08-17,2009,3,8,17
1719,2009-08-16,2009,3,8,16
1720,2009-08-18,2009,3,8,18
1721,2009-08-19,2009,3,8,19
1722,2009-08-20,2009,3,8,20
1723,2009-08-21,2009,3,8,21
1724,2009-08-23,2009,3,8,23
1725,2009-08-22,2009,3,8,22
1726,2009-08-24,2009,3,8,24
1727,2009-08-26,2009,3,8,26
1728,2009-08-27,2009,3,8,27
1729,2009-08-25,2009,3,8,25
1730,2009-08-29,2009,3,8,29
1731,2009-08-30,2009,3,8,30
1732,2009-08-28,2009,3,8,28
1733,2009-08-31,2009,3,8,31
1734,2009-09-01,2009,3,9,1
1735,2009-09-03,2009,3,9,3
1736,2009-09-04,2009,3,9,4
1737,2009-09-02,2009,3,9,2
1738,2009-09-05,2009,3,9,5
1739,2009-09-06,2009,3,9,6
1740,2009-09-07,2009,3,9,7
1741,2009-09-08,2009,3,9,8
1742,2009-09-09,2009,3,9,9
1743,2009-09-10,2009,3,9,10
1744,2009-09-13,2009,3,9,13
1745,2009-09-12,2009,3,9,12
1746,2009-09-11,2009,3,9,11
1747,2009-09-14,2009,3,9,14
1748,2009-09-15,2009,3,9,15
1749,2009-09-16,2009,3,9,16
1750,2009-09-17,2009,3,9,17
1751,2009-09-18,2009,3,9,18
1752,2009-09-19,2009,3,9,19
1753,2009-09-23,2009,3,9,23
1754,2009-09-20,2009,3,9,20
1755,2009-09-21,2009,3,9,21
1756,2009-09-24,2009,3,9,24
1757,2009-09-27,2009,3,9,27
1758,2009-09-28,2009,3,9,28
1759,2009-09-26,2009,3,9,26
1760,2009-09-22,2009,3,9,22
1761,2009-09-29,2009,3,9,29
1762,2009-09-25,2009,3,9,25
1763,2009-10-01,2009,4,10,1
1764,2009-09-30,2009,3,9,30
1765,2009-10-02,2009,4,10,2
1766,2009-10-04,2009,4,10,4
1767,2009-10-03,2009,4,10,3
1768,2009-10-06,2009,4,10,6
1769,2009-10-05,2009,4,10,5
1770,2009-10-07,2009,4,10,7
1771,2009-10-08,2009,4,10,8
1772,2009-10-09,2009,4,10,9
1773,2009-10-10,2009,4,10,10
1774,2009-10-11,2009,4,10,11
1775,2009-10-12,2009,4,10,12
1776,2009-10-13,2009,4,10,13
1777,2009-10-14,2009,4,10,14
1778,2009-10-15,2009,4,10,15
1779,2009-10-16,2009,4,10,16
1780,2009-10-18,2009,4,10,18
1781,2009-10-17,2009,4,10,17
1782,2009-10-19,2009,4,10,19
1783,2009-10-20,2009,4,10,20
1784,2009-10-21,2009,4,10,21
1785,2009-10-22,2009,4,10,22
1786,2009-10-24,2009,4,10,24
1787,2009-10-23,2009,4,10,23
1788,2009-10-27,2009,4,10,27
1789,2009-10-25,2009,4,10,25
1790,2009-10-26,2009,4,10,26
1791,2009-10-28,2009,4,10,28
1792,2009-10-29,2009,4,10,29
1793,2009-10-30,2009,4,10,30
1794,2009-10-31,2009,4,10,31
1795,2009-11-03,2009,4,11,3
1796,2009-11-01,2009,4,11,1
1797,2009-11-04,2009,4,11,4
1798,2009-11-05,2009,4,11,5
1799,2009-11-02,2009,4,11,2
1800,2009-11-06,2009,4,11,6
1801,2009-11-07,2009,4,11,7
1802,2009-11-08,2009,4,11,8
1803,2009-11-09,2009,4,11,9
1804,2009-11-11,2009,4,11,11
1805,2009-11-10,2009,4,11,10
1806,2009-11-12,2009,4,11,12
1807,2009-11-14,2009,4,11,14
1808,2009-11-13,2009,4,11,13
1809,2009-11-16,2009,4,11,16
1810,2009-11-17,2009,4,11,17
1811,2009-11-15,2009,4,11,15
1812,2009-11-18,2009,4,11,18
1813,2009-11-20,2009,4,11,20
1814,2009-11-21,2009,4,11,21
1815,2009-11-19,2009,4,11,19
1816,2009-11-22,2009,4,11,22
1817,2009-11-23,2009,4,11,23
1818,2009-11-24,2009,4,11,24
1819,2009-11-26,2009,4,11,26
1820,2009-11-25,2009,4,11,25
1821,2009-11-27,2009,4,11,27
1822,2009-11-29,2009,4,11,29
1823,2009-11-30,2009,4,11,30
1824,2009-11-28,2009,4,11,28
1825,2009-12-01,2009,4,12,1
1826,2009-12-02,2009,4,12,2
1827,2009-12-03,2009,4,12,3
1828,2009-12-05,2009,4,12,5
1829,2009-12-04,2009,4,12,4
1830,2009-12-06,2009,4,12,6
1831,2009-12-08,2009,4,12,8
1832,2009-12-07,2009,4,12,7
1833,2009-12-10,2009,4,12,10
1834,2009-12-09,2009,4,12,9
1835,2009-12-12,2009,4,12,12
1836,2009-12-11,2009,4,12,11
1837,2009-12-14,2009,4,12,14
1838,2009-12-16,2009,4,12,16
1839,2009-12-13,2009,4,12,13
1840,2009-12-15,2009,4,12,15
1841,2009-12-17,2009,4,12,17
1842,2009-12-18,2009,4,12,18
1843,2009-12-20,2009,4,12,20
1844,2009-12-19,2009,4,12,19
1845,2009-12-21,2009,4,12,21
1846,2009-12-22,2009,4,12,22
1847,2009-12-23,2009,4,12,23
1848,2009-12-24,2009,4,12,24
1849,2009-12-25,2009,4,12,25
1850,2009-12-26,2009,4,12,26
1851,2009-12-27,2009,4,12,27
1852,2009-12-28,2009,4,12,28
1853,2009-12-29,2009,4,12,29
1854,2009-12-30,2009,4,12,30
1855,2009-12-31,2009,4,12,31
1856,2010-01-01,2010,1,1,1
1857,2010-01-02,2010,1,1,2
1858,2010-01-04,2010,1,1,4
1859,2010-01-05,2010,1,1,5
1860,2010-01-06,2010,1,1,6
1861,2010-01-03,2010,1,1,3
1862,2010-01-07,2010,1,1,7
1863,2010-01-09,2010,1,1,9
1864,2010-01-08,2010,1,1,8
1865,2010-01-11,2010,1,1,11
1866,2010-01-12,2010,1,1,12
1867,2010-01-13,2010,1,1,13
1868,2010-01-10,2010,1,1,10
1869,2010-01-15,2010,1,1,15
1870,2010-01-14,2010,1,1,14
1871,2010-01-16,2010,1,1,16
1872,2010-01-17,2010,1,1,17
1873,2010-01-18,2010,1,1,18
1874,2010-01-20,2010,1,1,20
1875,2010-01-21,2010,1,1,21
1876,2010-01-19,2010,1,1,19
1877,2010-01-22,2010,1,1,22
1878,2010-01-24,2010,1,1,24
1879,2010-01-25,2010,1,1,25
1880,2010-01-26,2010,1,1,26
1881,2010-01-23,2010,1,1,23
1882,2010-01-28,2010,1,1,28
1883,2010-01-30,2010,1,1,30
1884,2010-01-29,2010,1,1,29
1885,2010-01-31,2010,1,1,31
1886,2010-01-27,2010,1,1,27
1887,2010-02-01,2010,1,2,1
1888,2010-02-03,2010,1,2,3
1889,2010-02-02,2010,1,2,2
1890,2010-02-04,2010,1,2,4
1891,2010-02-07,2010,1,2,7
1892,2010-02-06,2010,1,2,6
1893,2010-02-08,2010,1,2,8
1894,2010-02-09,2010,1,2,9
1895,2010-02-05,2010,1,2,5
1896,2010-02-11,2010,1,2,11
1897,2010-02-12,2010,1,2,12
1898,2010-02-10,2010,1,2,10
1899,2010-02-15,2010,1,2,15
1900,2010-02-13,2010,1,2,13
1901,2010-02-16,2010,1,2,16
1902,2010-02-14,2010,1,2,14
1903,2010-02-17,2010,1,2,17
1904,2010-02-18,2010,1,2,18
1905,2010-02-21,2010,1,2,21
1906,2010-02-19,2010,1,2,19
1907,2010-02-20,2010,1,2,20
1908,2010-02-23,2010,1,2,23
1909,2010-02-22,2010,1,2,22
1910,2010-02-25,2010,1,2,25
1911,2010-02-24,2010,1,2,24
1912,2010-02-26,2010,1,2,26
1913,2010-03-01,2010,1,3,1
1914,2010-02-28,2010,1,2,28
1915,2010-03-02,2010,1,3,2
1916,2010-02-27,2010,1,2,27
1917,2010-03-03,2010,1,3,3
1918,2010-03-04,2010,1,3,4
1919,2010-03-06,2010,1,3,6
1920,2010-03-05,2010,1,3,5
1921,2010-03-08,2010,1,3,8
1922,2010-03-07,2010,1,3,7
1923,2010-03-09,2010,1,3,9
1924,2010-03-11,2010,1,3,11
1925,2010-03-10,2010,1,3,10
1926,2010-03-12,2010,1,3,12
1927,2010-03-13,2010,1,3,13
1928,2010-03-14,2010,1,3,14
1929,2010-03-15,2010,1,3,15
1930,2010-03-16,2010,1,3,16
1931,2010-03-17,2010,1,3,17
1932,2010-03-18,2010,1,3,18
1933,2010-03-19,2010,1,3,19
1934,2010-03-22,2010,1,3,22
1935,2010-03-20,2010,1,3,20
1936,2010-03-21,2010,1,3,21
1937,2010-03-23,2010,1,3,23
1938,2010-03-24,2010,1,3,24
1939,2010-03-25,2010,1,3,25
1940,2010-03-26,2010,1,3,26
1941,2010-03-27,2010,1,3,27
1942,2010-03-28,2010,1,3,28
1943,2010-03-30,2010,1,3,30
1944,2010-03-29,2010,1,3,29
1945,2010-04-01,2010,2,4,1
1946,2010-03-31,2010,1,3,31
1947,2010-04-02,2010,2,4,2
1948,2010-04-04,2010,2,4,4
1949,2010-04-03,2010,2,4,3
1950,2010-04-07,2010,2,4,7
1951,2010-04-06,2010,2,4,6
1952,2010-04-08,2010,2,4,8
1953,2010-04-05,2010,2,4,5
1954,2010-04-09,2010,2,4,9
1955,2010-04-11,2010,2,4,11
1956,2010-04-10,2010,2,4,10
1957,2010-04-12,2010,2,4,12
1958,2010-04-13,2010,2,4,13
1959,2010-04-14,2010,2,4,14
1960,2010-04-16,2010,2,4,16
1961,2010-04-15,2010,2,4,15
1962,2010-04-17,2010,2,4,17
1963,2010-04-19,2010,2,4,19
1964,2010-04-18,2010,2,4,18
1965,2010-04-20,2010,2,4,20
1966,2010-04-21,2010,2,4,21
1967,2010-04-22,2010,2,4,22
1968,2010-04-23,2010,2,4,23
1969,2010-04-25,2010,2,4,25
1970,2010-04-24,2010,2,4,24
1971,2010-04-27,2010,2,4,27
1972,2010-04-26,2010,2,4,26
1973,2010-04-28,2010,2,4,28
1974,2010-04-30,2010,2,4,30
1975,2010-04-29,2010,2,4,29
1976,2010-05-01,2010,2,5,1
1977,2010-05-02,2010,2,5,2
1978,2010-05-03,2010,2,5,3
1979,2010-05-04,2010,2,5,4
1980,2010-05-05,2010,2,5,5
1981,2010-05-06,2010,2,5,6
1982,2010-05-09,2010,2,5,9
1983,2010-05-10,2010,2,5,10
1984,2010-05-11,2010,2,5,11
1985,2010-05-12,2010,2,5,12
1986,2010-05-08,2010,2,5,8
1987,2010-05-07,2010,2,5,7
1988,2010-05-14,2010,2,5,14
1989,2010-05-13,2010,2,5,13
1990,2010-05-17,2010,2,5,17
1991,2010-05-15,2010,2,5,15
1992,2010-05-16,2010,2,5,16
1993,2010-05-18,2010,2,5,18
1994,2010-05-19,2010,2,5,19
1995,2010-05-21,2010,2,5,21
1996,2010-05-20,2010,2,5,20
1997,2010-05-22,2010,2,5,22
1998,2010-05-23,2010,2,5,23
1999,2010-05-24,2010,2,5,24
2000,2010-05-25,2010,2,5,25
2001,2010-05-27,2010,2,5,27
2002,2010-05-26,2010,2,5,26
2003,2010-05-28,2010,2,5,28
2004,2010-05-29,2010,2,5,29
2005,2010-05-30,2010,2,5,30
2006,2010-05-31,2010,2,5,31
2007,2010-06-01,2010,2,6,1
2008,2010-06-03,2010,2,6,3
2009,2010-06-02,2010,2,6,2
2010,2010-06-04,2010,2,6,4
2011,2010-06-06,2010,2,6,6
2012,2010-06-05,2010,2,6,5
2013,2010-06-07,2010,2,6,7
2014,2010-06-08,2010,2,6,8
2015,2010-06-09,2010,2,6,9
2016,2010-06-11,2010,2,6,11
2017,2010-06-12,2010,2,6,12
2018,2010-06-13,2010,2,6,13
2019,2010-06-14,2010,2,6,14
2020,2010-06-15,2010,2,6,15
2021,2010-06-10,2010,2,6,10
2022,2010-06-16,2010,2,6,16
2023,2010-06-18,2010,2,6,18
2024,2010-06-19,2010,2,6,19
2025,2010-06-17,2010,2,6,17
2026,2010-06-20,2010,2,6,20
2027,2010-06-21,2010,2,6,21
2028,2010-06-23,2010,2,6,23
2029,2010-06-24,2010,2,6,24
2030,2010-06-22,2010,2,6,22
2031,2010-06-25,2010,2,6,25
2032,2010-06-26,2010,2,6,26
2033,2010-06-28,2010,2,6,28
2034,2010-06-27,2010,2,6,27
2035,2010-06-30,2010,2,6,30
2036,2010-07-01,2010,3,7,1
2037,2010-07-03,2010,3,7,3
2038,2010-07-02,2010,3,7,2
2039,2010-06-29,2010,2,6,29
2040,2010-07-04,2010,3,7,4
2041,2010-07-06,2010,3,7,6
2042,2010-07-07,2010,3,7,7
2043,2010-07-05,2010,3,7,5
2044,2010-07-08,2010,3,7,8
2045,2010-07-09,2010,3,7,9
2046,2010-07-10,2010,3,7,10
2047,2010-07-12,2010,3,7,12
2048,2010-07-11,2010,3,7,11
2049,2010-07-14,2010,3,7,14
2050,2010-07-13,2010,3,7,13
2051,2010-07-16,2010,3,7,16
2052,2010-07-15,2010,3,7,15
2053,2010-07-17,2010,3,7,17
2054,2010-07-19,2010,3,7,19
2055,2010-07-20,2010,3,7,20
2056,2010-07-18,2010,3,7,18
2057,2010-07-21,2010,3,7,21
2058,2010-07-23,2010,3,7,23
2059,2010-07-22,2010,3,7,22
2060,2010-07-24,2010,3,7,24
2061,2010-07-25,2010,3,7,25
2062,2010-07-26,2010,3,7,26
2063,2010-07-29,2010,3,7,29
2064,2010-07-30,2010,3,7,30
2065,2010-07-28,2010,3,7,28
2066,2010-07-31,2010,3,7,31
2067,2010-07-27,2010,3,7,27
2068,2010-08-02,2010,3,8,2
2069,2010-08-03,2010,3,8,3
2070,2010-08-01,2010,3,8,1
2071,2010-08-04,2010,3,8,4
2072,2010-08-06,2010,3,8,6
2073,2010-08-05,2010,3,8,5
2074,2010-08-07,2010,3,8,7
2075,2010-08-09,2010,3,8,9
2076,2010-08-08,2010,3,8,8
2077,2010-08-10,2010,3,8,10
2078,2010-08-12,2010,3,8,12
2079,2010-08-11,2010,3,8,11
2080,2010-08-13,2010,3,8,13
2081,2010-08-14,2010,3,8,14
2082,2010-08-15,2010,3,8,15
2083,2010-08-16,2010,3,8,16
2084,2010-08-17,2010,3,8,17
2085,2010-08-18,2010,3,8,18
2086,2010-08-19,2010,3,8,19
2087,2010-08-20,2010,3,8,20
2088,2010-08-21,2010,3,8,21
2089,2010-08-22,2010,3,8,22
2090,2010-08-24,2010,3,8,24
2091,2010-08-25,2010,3,8,25
2092,2010-08-27,2010,3,8,27
2093,2010-08-23,2010,3,8,23
2094,2010-08-28,2010,3,8,28
2095,2010-08-26,2010,3,8,26
2096,2010-08-29,2010,3,8,29
2097,2010-08-30,2010,3,8,30
2098,2010-08-31,2010,3,8,31
2099,2010-09-02,2010,3,9,2
2100,2010-09-01,2010,3,9,1
2101,2010-09-03,2010,3,9,3
2102,2010-09-04,2010,3,9,4
2103,2010-09-05,2010,3,9,5
2104,2010-09-07,2010,3,9,7
2105,2010-09-06,2010,3,9,6
2106,2010-09-09,2010,3,9,9
2107,2010-09-08,2010,3,9,8
2108,2010-09-10,2010,3,9,10
2109,2010-09-11,2010,3,9,11
2110,2010-09-12,2010,3,9,12
2111,2010-09-13,2010,3,9,13
2112,2010-09-16,2010,3,9,16
2113,2010-09-15,2010,3,9,15
2114,2010-09-17,2010,3,9,17
2115,2010-09-14,2010,3,9,14
2116,2010-09-19,2010,3,9,19
2117,2010-09-18,2010,3,9,18
2118,2010-09-20,2010,3,9,20
2119,2010-09-21,2010,3,9,21
2120,2010-09-22,2010,3,9,22
2121,2010-09-23,2010,3,9,23
2122,2010-09-24,2010,3,9,24
2123,2010-09-25,2010,3,9,25
2124,2010-09-27,2010,3,9,27
2125,2010-09-26,2010,3,9,26
2126,2010-09-28,2010,3,9,28
2127,2010-09-30,2010,3,9,30
2128,2010-10-02,2010,4,10,2
2129,2010-10-01,2010,4,10,1
2130,2010-10-03,2010,4,10,3
2131,2010-10-04,2010,4,10,4
2132,2010-09-29,2010,3,9,29
2133,2010-10-05,2010,4,10,5
2134,2010-10-06,2010,4,10,6
2135,2010-10-07,2010,4,10,7
2136,2010-10-08,2010,4,10,8
2137,2010-10-10,2010,4,10,10
2138,2010-10-09,2010,4,10,9
2139,2010-10-12,2010,4,10,12
2140,2010-10-13,2010,4,10,13
2141,2010-10-15,2010,4,10,15
2142,2010-10-14,2010,4,10,14
2143,2010-10-16,2010,4,10,16
2144,2010-10-11,2010,4,10,11
2145,2010-10-17,2010,4,10,17
2146,2010-10-18,2010,4,10,18
2147,2010-10-19,2010,4,10,19
2148,2010-10-20,2010,4,10,20
2149,2010-10-21,2010,4,10,21
2150,2010-10-22,2010,4,10,22
2151,2010-10-23,2010,4,10,23
2152,2010-10-24,2010,4,10,24
2153,2010-10-25,2010,4,10,25
2154,2010-10-26,2010,4,10,26
2155,2010-10-28,2010,4,10,28
2156,2010-10-29,2010,4,10,29
2157,2010-10-27,2010,4,10,27
